<?xml version='1.0' encoding='UTF-8'?>
<?artifactRepository version='1.1.0'?>
<repository name='Bundle pool' type='org.eclipse.equinox.p2.artifact.repository.simpleRepository' version='1'>
  <properties size='2'>
    <property name='p2.system' value='true'/>
    <property name='p2.timestamp' value='1450479283087'/>
  </properties>
  <mappings size='3'>
    <rule filter='(&amp; (classifier=osgi.bundle))' output='${repoUrl}/plugins/${id}_${version}.jar'/>
    <rule filter='(&amp; (classifier=binary))' output='${repoUrl}/binary/${id}_${version}'/>
    <rule filter='(&amp; (classifier=org.eclipse.update.feature))' output='${repoUrl}/features/${id}_${version}.jar'/>
  </mappings>
  <artifacts size='20'>
    <artifact classifier='osgi.bundle' id='org.eclipse.equinox.preferences' version='3.5.1.v20121031-182809'>
      <properties size='1'>
        <property name='download.size' value='126756'/>
      </properties>
    </artifact>
    <artifact classifier='osgi.bundle' id='org.eclipse.core.jobs' version='3.5.200.v20120521-2346'>
      <properties size='1'>
        <property name='download.size' value='92327'/>
      </properties>
    </artifact>
    <artifact classifier='osgi.bundle' id='org.eclipse.swt' version='3.8.1.v3836b'>
      <properties size='1'>
        <property name='download.size' value='18539'/>
      </properties>
    </artifact>
    <artifact classifier='osgi.bundle' id='org.eclipse.jface' version='3.8.0.v20120912-135020'>
      <properties size='1'>
        <property name='download.size' value='1090101'/>
      </properties>
    </artifact>
    <artifact classifier='osgi.bundle' id='com.silabs.jna' version='3.4.0.201512181646-427'>
      <properties size='1'>
        <property name='download.size' value='1350419'/>
      </properties>
    </artifact>
    <artifact classifier='osgi.bundle' id='org.eclipse.swt.gtk.linux.x86' version='3.8.1.v3836b'>
      <properties size='1'>
        <property name='download.size' value='2386077'/>
      </properties>
    </artifact>
    <artifact classifier='osgi.bundle' id='org.eclipse.equinox.common' version='3.6.100.v20120522-1841'>
      <properties size='1'>
        <property name='download.size' value='106764'/>
      </properties>
    </artifact>
    <artifact classifier='osgi.bundle' id='org.eclipse.core.runtime' version='3.8.0.v20120521-2346'>
      <properties size='1'>
        <property name='download.size' value='75326'/>
      </properties>
    </artifact>
    <artifact classifier='osgi.bundle' id='org.eclipse.equinox.launcher.gtk.linux.x86' version='1.1.200.v20120913-144807'>
      <properties size='1'>
        <property name='download.size' value='75241'/>
      </properties>
      <repositoryProperties size='1'>
        <property name='artifact.folder' value='true'/>
      </repositoryProperties>
    </artifact>
    <artifact classifier='osgi.bundle' id='org.eclipse.equinox.app' version='1.3.100.v20120522-1841'>
      <properties size='1'>
        <property name='download.size' value='86390'/>
      </properties>
    </artifact>
    <artifact classifier='osgi.bundle' id='org.eclipse.equinox.launcher' version='1.3.0.v20120522-1813'>
      <properties size='1'>
        <property name='download.size' value='49283'/>
      </properties>
    </artifact>
    <artifact classifier='osgi.bundle' id='com.silabs.nebula' version='1.0.0.20120606'>
      <properties size='1'>
        <property name='download.size' value='43714'/>
      </properties>
    </artifact>
    <artifact classifier='osgi.bundle' id='com.silabs.customizer' version='1.2.0.201512181646-427'>
      <properties size='1'>
        <property name='download.size' value='991350'/>
      </properties>
    </artifact>
    <artifact classifier='osgi.bundle' id='org.eclipse.core.commands' version='3.6.1.v20120912-135020'>
      <properties size='1'>
        <property name='download.size' value='108729'/>
      </properties>
    </artifact>
    <artifact classifier='org.eclipse.update.feature' id='com.silabs.ide.jre-feature' version='1.6.0.32'>
      <properties size='1'>
        <property name='download.size' value='4617'/>
      </properties>
      <repositoryProperties size='1'>
        <property name='artifact.folder' value='true'/>
      </repositoryProperties>
    </artifact>
    <artifact classifier='osgi.bundle' id='org.eclipse.osgi.services' version='3.3.100.v20120522-1822'>
      <properties size='1'>
        <property name='download.size' value='83084'/>
      </properties>
    </artifact>
    <artifact classifier='osgi.bundle' id='org.eclipse.osgi' version='3.8.2.v20130124-134944'>
      <properties size='1'>
        <property name='download.size' value='1397588'/>
      </properties>
    </artifact>
    <artifact classifier='org.eclipse.update.feature' id='com.silabs.customizer-feature' version='1.0.0.201512181646-427'>
      <properties size='1'>
        <property name='download.size' value='948'/>
      </properties>
      <repositoryProperties size='1'>
        <property name='artifact.folder' value='true'/>
      </repositoryProperties>
    </artifact>
    <artifact classifier='osgi.bundle' id='org.eclipse.core.contenttype' version='3.4.200.v20120523-2004'>
      <properties size='1'>
        <property name='download.size' value='93174'/>
      </properties>
    </artifact>
    <artifact classifier='osgi.bundle' id='org.eclipse.equinox.registry' version='3.5.200.v20120522-1841'>
      <properties size='1'>
        <property name='download.size' value='184235'/>
      </properties>
    </artifact>
  </artifacts>
</repository>
