<?xml version="1.0" encoding="UTF-8" standalone="no"?>
<registration_data version="1.0">
   <environment>
      <hostname>stephanie-VirtualBox</hostname>
      <hostId>007f0101</hostId>
      <osName>Linux</osName>
      <osVersion>3.2.0-29-generic-pae</osVersion>
      <osArchitecture>i386</osArchitecture>
      <systemModel>i386</systemModel>
      <systemManufacturer>innotek gmbh</systemManufacturer>
      <cpuManufacturer>GenuineIntel</cpuManufacturer>
      <serialNumber>0</serialNumber>
   </environment>
   <registry urn="urn:st:32b18b23-98fd-4ede-b7d2-f4bbaa6d66d0" version="1.0">
      <service_tag>
         <instance_urn>urn:st:9e8310bc-0bfd-4b8a-a049-a37040e47349</instance_urn>
         <product_name>Java SE 6 Runtime Environment</product_name>
         <product_version>1.6.0_35</product_version>
         <product_urn>urn:uuid:92d1de8c-1e59-42c6-a280-1c379526bcbc</product_urn>
         <product_parent_urn>urn:uuid:fdc90b21-018d-4cab-b866-612c7c119ed3</product_parent_urn>
         <product_parent>Java Platform Standard Edition 6 (Java SE 6)</product_parent>
         <product_defined_inst_id>id=1.6.0_35-b10 i386,dir=/usr/java/jre1.6.0_35</product_defined_inst_id>
         <product_vendor>Sun Microsystems</product_vendor>
         <platform_arch>i386</platform_arch>
         <timestamp>2012-10-11 13:36:47 GMT</timestamp>
         <container>global</container>
         <source>jre-6u35-fcs-bin-b10-linux-i586-28_aug_2012.bin</source>
         <installer_uid>-1</installer_uid>
      </service_tag>
   </registry>
</registration_data>
