<?xml version="1.0" encoding="UTF-8"?>
<feature
      id="com.silabs.customizer-feature"
      label="Device Customizer Feature"
      version="1.0.0.201512181646-427"
      provider-name="Silicon Labs">

   <description url="http://www.example.com/description">
      [Enter Feature Description here.]
   </description>

   <copyright url="http://www.example.com/copyright">
      [Enter Copyright Description here.]
   </copyright>

   <license url="http://www.example.com/license">
      [Enter License Description here.]
   </license>

   <requires>
      <import plugin="org.eclipse.jface" version="3.7.0" match="greaterOrEqual"/>
      <import plugin="org.eclipse.swt" version="3.7.0" match="greaterOrEqual"/>
      <import plugin="org.eclipse.equinox.common" version="3.2.0" match="compatible"/>
      <import plugin="org.eclipse.equinox.preferences" version="3.2.0" match="compatible"/>
      <import plugin="org.eclipse.equinox.registry" version="3.2.0" match="compatible"/>
      <import plugin="org.eclipse.osgi" version="3.7.0" match="compatible"/>
      <import plugin="org.eclipse.equinox.common" version="3.5.0" match="compatible"/>
      <import plugin="org.eclipse.core.jobs" version="3.2.0" match="compatible"/>
      <import plugin="org.eclipse.equinox.registry" version="3.4.0" match="compatible"/>
      <import plugin="org.eclipse.equinox.preferences" version="3.4.0" match="compatible"/>
      <import plugin="org.eclipse.core.contenttype" version="3.3.0" match="compatible"/>
      <import plugin="org.eclipse.equinox.app" version="1.0.0" match="greaterOrEqual"/>
      <import plugin="org.eclipse.osgi.services"/>
      <import plugin="org.eclipse.swt" version="3.6.0" match="compatible"/>
      <import plugin="org.eclipse.core.commands" version="3.4.0" match="compatible"/>
      <import plugin="org.eclipse.equinox.common" version="3.3.0" match="compatible"/>
      <import plugin="org.eclipse.swt" version="3.0.0" match="compatible"/>
   </requires>

   <plugin
         id="com.silabs.customizer"
         download-size="0"
         install-size="0"
         version="1.2.0.201512181646-427"
         unpack="false"/>

   <plugin
         id="com.silabs.jna"
         download-size="0"
         install-size="0"
         version="3.4.0.201512181646-427"
         unpack="false"/>

   <plugin
         id="com.silabs.nebula"
         download-size="0"
         install-size="0"
         version="1.0.0.20120606"
         unpack="false"/>

   <plugin
         id="org.eclipse.core.commands"
         download-size="0"
         install-size="0"
         version="3.6.1.v20120912-135020"
         unpack="false"/>

   <plugin
         id="org.eclipse.core.contenttype"
         download-size="0"
         install-size="0"
         version="3.4.200.v20120523-2004"
         unpack="false"/>

   <plugin
         id="org.eclipse.core.jobs"
         download-size="0"
         install-size="0"
         version="3.5.200.v20120521-2346"
         unpack="false"/>

   <plugin
         id="org.eclipse.core.runtime"
         download-size="0"
         install-size="0"
         version="3.8.0.v20120521-2346"
         unpack="false"/>

   <plugin
         id="org.eclipse.equinox.app"
         download-size="0"
         install-size="0"
         version="1.3.100.v20120522-1841"
         unpack="false"/>

   <plugin
         id="org.eclipse.equinox.common"
         download-size="0"
         install-size="0"
         version="3.6.100.v20120522-1841"
         unpack="false"/>

   <plugin
         id="org.eclipse.equinox.preferences"
         download-size="0"
         install-size="0"
         version="3.5.1.v20121031-182809"
         unpack="false"/>

   <plugin
         id="org.eclipse.equinox.registry"
         download-size="0"
         install-size="0"
         version="3.5.200.v20120522-1841"
         unpack="false"/>

   <plugin
         id="org.eclipse.jface"
         download-size="0"
         install-size="0"
         version="3.8.0.v20120912-135020"
         unpack="false"/>

   <plugin
         id="org.eclipse.osgi"
         download-size="0"
         install-size="0"
         version="3.8.2.v20130124-134944"
         unpack="false"/>

   <plugin
         id="org.eclipse.swt"
         download-size="0"
         install-size="0"
         version="3.8.1.v3836b"
         unpack="false"/>

   <plugin
         id="org.eclipse.swt.cocoa.macosx"
         os="macosx"
         ws="cocoa"
         arch="x86"
         download-size="0"
         install-size="0"
         version="3.8.1.v3836b"
         fragment="true"
         unpack="false"/>

   <plugin
         id="org.eclipse.swt.cocoa.macosx.x86_64"
         os="macosx"
         ws="cocoa"
         arch="x86_64"
         download-size="0"
         install-size="0"
         version="0.0.0"
         fragment="true"
         unpack="false"/>

   <plugin
         id="org.eclipse.swt.gtk.linux.x86"
         os="linux"
         ws="gtk"
         arch="x86"
         download-size="0"
         install-size="0"
         version="3.8.1.v3836b"
         fragment="true"
         unpack="false"/>

   <plugin
         id="org.eclipse.swt.gtk.linux.x86_64"
         os="linux"
         ws="gtk"
         arch="x86_64"
         download-size="0"
         install-size="0"
         version="0.0.0"
         fragment="true"
         unpack="false"/>

   <plugin
         id="org.eclipse.swt.win32.win32.x86"
         os="win32"
         ws="win32"
         arch="x86"
         download-size="0"
         install-size="0"
         version="3.8.1.v3836b"
         fragment="true"
         unpack="false"/>

   <plugin
         id="org.eclipse.swt.win32.win32.x86_64"
         os="win32"
         ws="win32"
         arch="x86_64"
         download-size="0"
         install-size="0"
         version="0.0.0"
         fragment="true"
         unpack="false"/>

</feature>
